[
  {
    "id": 1,
    "name": "Maniac Red Boys",
    "description": "Sporty essentials, these Under Armour athletic shorts are smooth and lightweight in moisture-wicking material.",
    "slug": "maniac-red-boys",
    "image": {
      "id": 1,
      "thumbnail": "/assets/images/products/p-20-m.png",
      "original": "/assets/images/products/p-20-m.png"
    },
    "gallery": [
      {
        "id": 1,
        "thumbnail": "/assets/images/products/p-20-1.png",
        "original": "/assets/images/products/p-20-1.png"
      },
      {
        "id": 2,
        "thumbnail": "/assets/images/products/p-20-2.png",
        "original": "/assets/images/products/p-20-2.png"
      },
      {
        "id": 3,
        "thumbnail": "/assets/images/products/p-20-3.png",
        "original": "/assets/images/products/p-20-3.png"
      },
      {
        "id": 4,
        "thumbnail": "/assets/images/products/p-20-4.png",
        "original": "/assets/images/products/p-20-4.png"
      }
    ],
    "price": 20.0,
    "sale_price": 15.0,
    "variations": [
      {
        "id": 1,
        "value": "S",
        "attribute": {
          "id": 1,
          "name": "Size",
          "slug": "size"
        }
      },
      {
        "id": 2,
        "value": "M",
        "attribute": {
          "id": 1,
          "name": "Size",
          "slug": "size"
        }
      },
      {
        "id": 3,
        "value": "L",
        "attribute": {
          "id": 1,
          "name": "Size",
          "slug": "size"
        }
      },
      {
        "id": 4,
        "value": "XL",
        "attribute": {
          "id": 1,
          "name": "Size",
          "slug": "size"
        }
      },
      {
        "id": 5,
        "value": "Orange",
        "meta": "#e86c25",
        "attribute": {
          "id": 1,
          "name": "Color",
          "slug": "color"
        }
      },
      {
        "id": 6,
        "value": "Pink",
        "meta": "#ffa5b4",
        "attribute": {
          "id": 1,
          "name": "Color",
          "slug": "color"
        }
      },
      {
        "id": 7,
        "value": "Purple",
        "meta": "#8224e3",
        "attribute": {
          "id": 1,
          "name": "Color",
          "slug": "color"
        }
      },
      {
        "id": 8,
        "value": "Red",
        "meta": "#dd3333",
        "attribute": {
          "id": 1,
          "name": "Color",
          "slug": "color"
        }
      }
    ]
  },
  {
    "id": 2,
    "name": "H&M Global Desi",
    "description": "Blue solid woven regular top, curved hem with tassell detailing has shoulder straps, and sleeveless",
    "slug": "hm-global-desi",
    "image": {
      "id": 1,
      "thumbnail": "/assets/images/products/p-22-s.png",
      "original": "/assets/images/products/p-22-m.png"
    },
    "gallery": [
      {
        "id": 1,
        "thumbnail": "/assets/images/products/p-22-1.png",
        "original": "/assets/images/products/p-22-1.png"
      },
      {
        "id": 2,
        "thumbnail": "/assets/images/products/p-22-2.png",
        "original": "/assets/images/products/p-22-2.png"
      },
      {
        "id": 3,
        "thumbnail": "/assets/images/products/p-22-3.png",
        "original": "/assets/images/products/p-22-3.png"
      },
      {
        "id": 4,
        "thumbnail": "/assets/images/products/p-22-4.png",
        "original": "/assets/images/products/p-22-4.png"
      }
    ],
    "price": 40.0,
    "sale_price": 30.0,
    "quantity": 0,
    "variations": [
      {
        "id": 1,
        "value": "S",
        "attribute": {
          "id": 1,
          "name": "Size",
          "slug": "size"
        }
      },
      {
        "id": 2,
        "value": "M",
        "attribute": {
          "id": 1,
          "name": "Size",
          "slug": "size"
        }
      },
      {
        "id": 3,
        "value": "L",
        "attribute": {
          "id": 1,
          "name": "Size",
          "slug": "size"
        }
      },
      {
        "id": 4,
        "value": "XL",
        "attribute": {
          "id": 1,
          "name": "Size",
          "slug": "size"
        }
      },
      {
        "id": 5,
        "value": "Orange",
        "meta": "#e86c25",
        "attribute": {
          "id": 1,
          "name": "Color",
          "slug": "color"
        }
      },
      {
        "id": 6,
        "value": "Pink",
        "meta": "#ffa5b4",
        "attribute": {
          "id": 1,
          "name": "Color",
          "slug": "color"
        }
      },
      {
        "id": 7,
        "value": "Purple",
        "meta": "#8224e3",
        "attribute": {
          "id": 1,
          "name": "Color",
          "slug": "color"
        }
      },
      {
        "id": 8,
        "value": "Red",
        "meta": "#dd3333",
        "attribute": {
          "id": 1,
          "name": "Color",
          "slug": "color"
        }
      }
    ]
  },
  {
    "id": 3,
    "name": "Polarised Wayfarer Sunglasses",
    "description": "This item is only exchangeable for the same or a different size, if available, and cannot be returned",
    "slug": "polarised-wayfarer-sunglasses",
    "image": {
      "id": 1,
      "thumbnail": "/assets/images/products/p-25-s.png",
      "original": "/assets/images/products/p-25-m.png"
    },
    "gallery": [
      {
        "id": 1,
        "thumbnail": "/assets/images/products/p-25-1.png",
        "original": "/assets/images/products/p-25-1.png"
      },
      {
        "id": 2,
        "thumbnail": "/assets/images/products/p-25-2.png",
        "original": "/assets/images/products/p-25-2.png"
      },
      {
        "id": 3,
        "thumbnail": "/assets/images/products/p-25-3.png",
        "original": "/assets/images/products/p-25-3.png"
      },
      {
        "id": 4,
        "thumbnail": "/assets/images/products/p-25-4.png",
        "original": "/assets/images/products/p-25-4.png"
      }
    ],
    "price": 35.0,
    "sale_price": 20.0,
    "variations": [
      {
        "id": 1,
        "value": "S",
        "attribute": {
          "id": 1,
          "name": "Size",
          "slug": "size"
        }
      },
      {
        "id": 2,
        "value": "M",
        "attribute": {
          "id": 1,
          "name": "Size",
          "slug": "size"
        }
      },
      {
        "id": 3,
        "value": "L",
        "attribute": {
          "id": 1,
          "name": "Size",
          "slug": "size"
        }
      },
      {
        "id": 4,
        "value": "XL",
        "attribute": {
          "id": 1,
          "name": "Size",
          "slug": "size"
        }
      },
      {
        "id": 5,
        "value": "Orange",
        "meta": "#e86c25",
        "attribute": {
          "id": 1,
          "name": "Color",
          "slug": "color"
        }
      },
      {
        "id": 6,
        "value": "Pink",
        "meta": "#ffa5b4",
        "attribute": {
          "id": 1,
          "name": "Color",
          "slug": "color"
        }
      },
      {
        "id": 7,
        "value": "Purple",
        "meta": "#8224e3",
        "attribute": {
          "id": 1,
          "name": "Color",
          "slug": "color"
        }
      },
      {
        "id": 8,
        "value": "Red",
        "meta": "#dd3333",
        "attribute": {
          "id": 1,
          "name": "Color",
          "slug": "color"
        }
      }
    ]
  },
  {
    "id": 4,
    "name": "NIKE Shoes",
    "description": "NIKE 2020 Black White is a clean and monochromatic colourway of the label’s latest high-technology silhouette. The model first launched late last year and is currently Jordan Brand’s flagship performance pair.",
    "slug": "nike-shoes",
    "image": {
      "id": 1,
      "thumbnail": "/assets/images/products/p-24-s.png",
      "original": "/assets/images/products/p-24-m.png"
    },
    "gallery": [
      {
        "id": 1,
        "thumbnail": "/assets/images/products/p-24-1.png",
        "original": "/assets/images/products/p-24-1.png"
      },
      {
        "id": 2,
        "thumbnail": "/assets/images/products/p-24-2.png",
        "original": "/assets/images/products/p-24-2.png"
      },
      {
        "id": 3,
        "thumbnail": "/assets/images/products/p-24-3.png",
        "original": "/assets/images/products/p-24-3.png"
      },
      {
        "id": 4,
        "thumbnail": "/assets/images/products/p-24-4.png",
        "original": "/assets/images/products/p-24-4.png"
      }
    ],
    "price": 80.0,
    "sale_price": 50.0,
    "variations": [
      {
        "id": 1,
        "value": "S",
        "attribute": {
          "id": 1,
          "name": "Size",
          "slug": "size"
        }
      },
      {
        "id": 2,
        "value": "M",
        "attribute": {
          "id": 1,
          "name": "Size",
          "slug": "size"
        }
      },
      {
        "id": 3,
        "value": "L",
        "attribute": {
          "id": 1,
          "name": "Size",
          "slug": "size"
        }
      },
      {
        "id": 4,
        "value": "XL",
        "attribute": {
          "id": 1,
          "name": "Size",
          "slug": "size"
        }
      },
      {
        "id": 5,
        "value": "Orange",
        "meta": "#e86c25",
        "attribute": {
          "id": 1,
          "name": "Color",
          "slug": "color"
        }
      },
      {
        "id": 6,
        "value": "Pink",
        "meta": "#ffa5b4",
        "attribute": {
          "id": 1,
          "name": "Color",
          "slug": "color"
        }
      },
      {
        "id": 7,
        "value": "Purple",
        "meta": "#8224e3",
        "attribute": {
          "id": 1,
          "name": "Color",
          "slug": "color"
        }
      },
      {
        "id": 8,
        "value": "Red",
        "meta": "#dd3333",
        "attribute": {
          "id": 1,
          "name": "Color",
          "slug": "color"
        }
      }
    ]
  },
  {
    "id": 5,
    "name": "Maniac Red Boys",
    "description": "Sporty essentials, these Under Armour athletic shorts are smooth and lightweight in moisture-wicking material.",
    "slug": "maniac-red-boys",
    "image": {
      "id": 1,
      "thumbnail": "/assets/images/products/p-20-m.png",
      "original": "/assets/images/products/p-20-m.png"
    },
    "gallery": [
      {
        "id": 1,
        "thumbnail": "/assets/images/products/p-20-1.png",
        "original": "/assets/images/products/p-20-1.png"
      },
      {
        "id": 2,
        "thumbnail": "/assets/images/products/p-20-2.png",
        "original": "/assets/images/products/p-20-2.png"
      },
      {
        "id": 3,
        "thumbnail": "/assets/images/products/p-20-3.png",
        "original": "/assets/images/products/p-20-3.png"
      },
      {
        "id": 4,
        "thumbnail": "/assets/images/products/p-20-4.png",
        "original": "/assets/images/products/p-20-4.png"
      }
    ],
    "price": 20.0,
    "sale_price": 15.0,
    "quantity": 0,
    "variations": [
      {
        "id": 1,
        "value": "S",
        "attribute": {
          "id": 1,
          "name": "Size",
          "slug": "size"
        }
      },
      {
        "id": 2,
        "value": "M",
        "attribute": {
          "id": 1,
          "name": "Size",
          "slug": "size"
        }
      },
      {
        "id": 3,
        "value": "L",
        "attribute": {
          "id": 1,
          "name": "Size",
          "slug": "size"
        }
      },
      {
        "id": 4,
        "value": "XL",
        "attribute": {
          "id": 1,
          "name": "Size",
          "slug": "size"
        }
      },
      {
        "id": 5,
        "value": "Orange",
        "meta": "#e86c25",
        "attribute": {
          "id": 1,
          "name": "Color",
          "slug": "color"
        }
      },
      {
        "id": 6,
        "value": "Pink",
        "meta": "#ffa5b4",
        "attribute": {
          "id": 1,
          "name": "Color",
          "slug": "color"
        }
      },
      {
        "id": 7,
        "value": "Purple",
        "meta": "#8224e3",
        "attribute": {
          "id": 1,
          "name": "Color",
          "slug": "color"
        }
      },
      {
        "id": 8,
        "value": "Red",
        "meta": "#dd3333",
        "attribute": {
          "id": 1,
          "name": "Color",
          "slug": "color"
        }
      }
    ]
  },
  {
    "id": 6,
    "name": "NIKE Shoes",
    "description": "NIKE 2020 Black White is a clean and monochromatic colourway of the label’s latest high-technology silhouette. The model first launched late last year and is currently Jordan Brand’s flagship performance pair.",
    "slug": "nike-shoes",
    "image": {
      "id": 1,
      "thumbnail": "/assets/images/products/p-24-s.png",
      "original": "/assets/images/products/p-24-m.png"
    },
    "gallery": [
      {
        "id": 1,
        "thumbnail": "/assets/images/products/p-24-1.png",
        "original": "/assets/images/products/p-24-1.png"
      },
      {
        "id": 2,
        "thumbnail": "/assets/images/products/p-24-2.png",
        "original": "/assets/images/products/p-24-2.png"
      },
      {
        "id": 3,
        "thumbnail": "/assets/images/products/p-24-3.png",
        "original": "/assets/images/products/p-24-3.png"
      },
      {
        "id": 4,
        "thumbnail": "/assets/images/products/p-24-4.png",
        "original": "/assets/images/products/p-24-4.png"
      }
    ],
    "price": 80.0,
    "sale_price": 50.0,
    "variations": [
      {
        "id": 1,
        "value": "S",
        "attribute": {
          "id": 1,
          "name": "Size",
          "slug": "size"
        }
      },
      {
        "id": 2,
        "value": "M",
        "attribute": {
          "id": 1,
          "name": "Size",
          "slug": "size"
        }
      },
      {
        "id": 3,
        "value": "L",
        "attribute": {
          "id": 1,
          "name": "Size",
          "slug": "size"
        }
      },
      {
        "id": 4,
        "value": "XL",
        "attribute": {
          "id": 1,
          "name": "Size",
          "slug": "size"
        }
      },
      {
        "id": 5,
        "value": "Orange",
        "meta": "#e86c25",
        "attribute": {
          "id": 1,
          "name": "Color",
          "slug": "color"
        }
      },
      {
        "id": 6,
        "value": "Pink",
        "meta": "#ffa5b4",
        "attribute": {
          "id": 1,
          "name": "Color",
          "slug": "color"
        }
      },
      {
        "id": 7,
        "value": "Purple",
        "meta": "#8224e3",
        "attribute": {
          "id": 1,
          "name": "Color",
          "slug": "color"
        }
      },
      {
        "id": 8,
        "value": "Red",
        "meta": "#dd3333",
        "attribute": {
          "id": 1,
          "name": "Color",
          "slug": "color"
        }
      }
    ]
  }
]
