{
  "productFlashSellGridTwo": [
    {
      "id": 1,
      "name": "Style Quotient",
      "description": "Men Black top sleeveless gown",
      "slug": "adidas-shoes-black",
      "soldBy": "Frenaldo",
      "image": {
        "id": 1,
        "thumbnail": "/assets/images/products/p-26-md.png",
        "original": "/assets/images/products/p-26-m.png"
      },
      "gallery": [
        {
          "id": 1,
          "thumbnail": "/assets/images/products/p-26-1.png",
          "original": "/assets/images/products/p-26-1.png"
        },
        {
          "id": 2,
          "thumbnail": "/assets/images/products/p-26-2.png",
          "original": "/assets/images/products/p-26-2.png"
        }
      ],
      "sale_price": 45.0,
      "quantity": 320,
      "sold": 180,
      "variations": [
        {
          "id": 1,
          "value": "S",
          "attribute": {
            "id": 1,
            "name": "Size",
            "slug": "size"
          }
        },
        {
          "id": 2,
          "value": "M",
          "attribute": {
            "id": 1,
            "name": "Size",
            "slug": "size"
          }
        },
        {
          "id": 3,
          "value": "L",
          "attribute": {
            "id": 1,
            "name": "Size",
            "slug": "size"
          }
        },
        {
          "id": 4,
          "value": "XL",
          "attribute": {
            "id": 1,
            "name": "Size",
            "slug": "size"
          }
        },
        {
          "id": 5,
          "value": "Orange",
          "meta": "#e86c25",
          "attribute": {
            "id": 1,
            "name": "Color",
            "slug": "color"
          }
        },
        {
          "id": 6,
          "value": "Pink",
          "meta": "#ffa5b4",
          "attribute": {
            "id": 1,
            "name": "Color",
            "slug": "color"
          }
        },
        {
          "id": 7,
          "value": "Purple",
          "meta": "#8224e3",
          "attribute": {
            "id": 1,
            "name": "Color",
            "slug": "color"
          }
        },
        {
          "id": 8,
          "value": "Red",
          "meta": "#dd3333",
          "attribute": {
            "id": 1,
            "name": "Color",
            "slug": "color"
          }
        }
      ]
    },
    {
      "id": 2,
      "name": "Armani Wide-Leg Trousers",
      "description": "Monochrome elegance. Made with a relaxed wide-leg, these trousers are made from a sustainable soft organic cotton with a mechanical stretch making the garment easily recycled.",
      "slug": "armani-wide-leg-trousers",
      "soldBy": "Frenaldo",
      "image": {
        "id": 1,
        "thumbnail": "/assets/images/products/p-16-md.png",
        "original": "/assets/images/products/p-16-m.png"
      },
      "gallery": [
        {
          "id": 1,
          "thumbnail": "/assets/images/products/p-16-1.png",
          "original": "/assets/images/products/p-16-1.png"
        },
        {
          "id": 2,
          "thumbnail": "/assets/images/products/p-16-2.png",
          "original": "/assets/images/products/p-16-2.png"
        }
      ],
      "price": 16.0,
      "sale_price": 12.0,
      "quantity": 320,
      "sold": 180,
      "variations": [
        {
          "id": 1,
          "value": "S",
          "attribute": {
            "id": 1,
            "name": "Size",
            "slug": "size"
          }
        },
        {
          "id": 2,
          "value": "M",
          "attribute": {
            "id": 1,
            "name": "Size",
            "slug": "size"
          }
        },
        {
          "id": 3,
          "value": "L",
          "attribute": {
            "id": 1,
            "name": "Size",
            "slug": "size"
          }
        },
        {
          "id": 4,
          "value": "XL",
          "attribute": {
            "id": 1,
            "name": "Size",
            "slug": "size"
          }
        },
        {
          "id": 5,
          "value": "Orange",
          "meta": "#e86c25",
          "attribute": {
            "id": 1,
            "name": "Color",
            "slug": "color"
          }
        },
        {
          "id": 6,
          "value": "Pink",
          "meta": "#ffa5b4",
          "attribute": {
            "id": 1,
            "name": "Color",
            "slug": "color"
          }
        },
        {
          "id": 7,
          "value": "Purple",
          "meta": "#8224e3",
          "attribute": {
            "id": 1,
            "name": "Color",
            "slug": "color"
          }
        },
        {
          "id": 8,
          "value": "Red",
          "meta": "#dd3333",
          "attribute": {
            "id": 1,
            "name": "Color",
            "slug": "color"
          }
        }
      ]
    },
    {
      "id": 3,
      "name": "Zara Shoes Green",
      "description": "Footwear refers to garments worn on the feet, which originally serves to purpose of protection against adversities of the environment, usually regarding ground textures and temperature.",
      "slug": "style-quotient",
      "soldBy": "Frenaldo",
      "image": {
        "id": 1,
        "thumbnail": "/assets/images/products/p-3.png",
        "original": "/assets/images/products/p-3-m.png"
      },
      "gallery": [
        {
          "id": 1,
          "thumbnail": "/assets/images/products/p-3-1.png",
          "original": "/assets/images/products/p-3-1.png"
        },
        {
          "id": 2,
          "thumbnail": "/assets/images/products/p-3-2.png",
          "original": "/assets/images/products/p-3-2.png"
        }
      ],
      "price": "16.38",
      "sale_price": 50.0,
      "quantity": 320,
      "sold": 180,
      "variations": [
        {
          "id": 1,
          "value": "S",
          "attribute": {
            "id": 1,
            "name": "Size",
            "slug": "size"
          }
        },
        {
          "id": 2,
          "value": "M",
          "attribute": {
            "id": 1,
            "name": "Size",
            "slug": "size"
          }
        },
        {
          "id": 3,
          "value": "L",
          "attribute": {
            "id": 1,
            "name": "Size",
            "slug": "size"
          }
        },
        {
          "id": 4,
          "value": "XL",
          "attribute": {
            "id": 1,
            "name": "Size",
            "slug": "size"
          }
        },
        {
          "id": 5,
          "value": "Orange",
          "meta": "#e86c25",
          "attribute": {
            "id": 1,
            "name": "Color",
            "slug": "color"
          }
        },
        {
          "id": 6,
          "value": "Pink",
          "meta": "#ffa5b4",
          "attribute": {
            "id": 1,
            "name": "Color",
            "slug": "color"
          }
        },
        {
          "id": 7,
          "value": "Purple",
          "meta": "#8224e3",
          "attribute": {
            "id": 1,
            "name": "Color",
            "slug": "color"
          }
        },
        {
          "id": 8,
          "value": "Red",
          "meta": "#dd3333",
          "attribute": {
            "id": 1,
            "name": "Color",
            "slug": "color"
          }
        }
      ]
    },
    {
      "id": 4,
      "name": "Wayfarer Sunglasses",
      "description": "Our optical engineers developed these sunglasses for hiking. Ideal for occasional use in the mountains.",
      "slug": "wayfarer-sunglasses",
      "soldBy": "Frenaldo",
      "image": {
        "id": 1,
        "thumbnail": "/assets/images/products/p-25-md.png",
        "original": "/assets/images/products/p-25-m.png"
      },
      "gallery": [
        {
          "id": 1,
          "thumbnail": "/assets/images/products/p-25-1.png",
          "original": "/assets/images/products/p-25-1.png"
        },
        {
          "id": 2,
          "thumbnail": "/assets/images/products/p-25-2.png",
          "original": "/assets/images/products/p-25-2.png"
        }
      ],
      "price": 18.0,
      "sale_price": 15.0,
      "quantity": 320,
      "sold": 180,
      "variations": [
        {
          "id": 1,
          "value": "S",
          "attribute": {
            "id": 1,
            "name": "Size",
            "slug": "size"
          }
        },
        {
          "id": 2,
          "value": "M",
          "attribute": {
            "id": 1,
            "name": "Size",
            "slug": "size"
          }
        },
        {
          "id": 3,
          "value": "L",
          "attribute": {
            "id": 1,
            "name": "Size",
            "slug": "size"
          }
        },
        {
          "id": 4,
          "value": "XL",
          "attribute": {
            "id": 1,
            "name": "Size",
            "slug": "size"
          }
        },
        {
          "id": 5,
          "value": "Orange",
          "meta": "#e86c25",
          "attribute": {
            "id": 1,
            "name": "Color",
            "slug": "color"
          }
        },
        {
          "id": 6,
          "value": "Pink",
          "meta": "#ffa5b4",
          "attribute": {
            "id": 1,
            "name": "Color",
            "slug": "color"
          }
        },
        {
          "id": 7,
          "value": "Purple",
          "meta": "#8224e3",
          "attribute": {
            "id": 1,
            "name": "Color",
            "slug": "color"
          }
        },
        {
          "id": 8,
          "value": "Red",
          "meta": "#dd3333",
          "attribute": {
            "id": 1,
            "name": "Color",
            "slug": "color"
          }
        }
      ]
    },
    {
      "id": 5,
      "name": "Tissot Classic",
      "description": "The new-model Submariner now features Rolex’s powerhouse calibre 3235 Perpetual movement. An upgrade from the calibre 3135 movement,",
      "slug": "style-quotient",
      "soldBy": "Frenaldo",
      "image": {
        "id": 1,
        "thumbnail": "/assets/images/products/p-30-md.png",
        "original": "/assets/images/products/p-30-m.png"
      },
      "gallery": [
        {
          "id": 1,
          "thumbnail": "/assets/images/products/p-30-1.png",
          "original": "/assets/images/products/p-30-1.png"
        },
        {
          "id": 2,
          "thumbnail": "/assets/images/products/p-30-2.png",
          "original": "/assets/images/products/p-30-2.png"
        }
      ],
      "price": "",
      "sale_price": 600.0,
      "quantity": 320,
      "sold": 180,
      "variations": [
        {
          "id": 1,
          "value": "S",
          "attribute": {
            "id": 1,
            "name": "Size",
            "slug": "size"
          }
        },
        {
          "id": 2,
          "value": "M",
          "attribute": {
            "id": 1,
            "name": "Size",
            "slug": "size"
          }
        },
        {
          "id": 3,
          "value": "L",
          "attribute": {
            "id": 1,
            "name": "Size",
            "slug": "size"
          }
        },
        {
          "id": 4,
          "value": "XL",
          "attribute": {
            "id": 1,
            "name": "Size",
            "slug": "size"
          }
        },
        {
          "id": 5,
          "value": "Orange",
          "meta": "#e86c25",
          "attribute": {
            "id": 1,
            "name": "Color",
            "slug": "color"
          }
        },
        {
          "id": 6,
          "value": "Pink",
          "meta": "#ffa5b4",
          "attribute": {
            "id": 1,
            "name": "Color",
            "slug": "color"
          }
        },
        {
          "id": 7,
          "value": "Purple",
          "meta": "#8224e3",
          "attribute": {
            "id": 1,
            "name": "Color",
            "slug": "color"
          }
        },
        {
          "id": 8,
          "value": "Red",
          "meta": "#dd3333",
          "attribute": {
            "id": 1,
            "name": "Color",
            "slug": "color"
          }
        }
      ]
    },
    {
      "id": 6,
      "name": "Hermes Carlton London",
      "description": "Off-White self-striped knitted midi A-line dress, has a scoop neck, sleeveless, straight hem",
      "slug": "hermes-carlton-london",
      "soldBy": "Frenaldo",
      "image": {
        "id": 1,
        "thumbnail": "/assets/images/products/p-14-md.png",
        "original": "/assets/images/products/p-14-m.png"
      },
      "gallery": [
        {
          "id": 1,
          "thumbnail": "/assets/images/products/p-14-1.png",
          "original": "/assets/images/products/p-14-1.png"
        },
        {
          "id": 2,
          "thumbnail": "/assets/images/products/p-14-2.png",
          "original": "/assets/images/products/p-14-2.png"
        }
      ],
      "price": "",
      "sale_price": 15.0,
      "quantity": 320,
      "sold": 180,
      "variations": [
        {
          "id": 1,
          "value": "S",
          "attribute": {
            "id": 1,
            "name": "Size",
            "slug": "size"
          }
        },
        {
          "id": 2,
          "value": "M",
          "attribute": {
            "id": 1,
            "name": "Size",
            "slug": "size"
          }
        },
        {
          "id": 3,
          "value": "L",
          "attribute": {
            "id": 1,
            "name": "Size",
            "slug": "size"
          }
        },
        {
          "id": 4,
          "value": "XL",
          "attribute": {
            "id": 1,
            "name": "Size",
            "slug": "size"
          }
        },
        {
          "id": 5,
          "value": "Orange",
          "meta": "#e86c25",
          "attribute": {
            "id": 1,
            "name": "Color",
            "slug": "color"
          }
        },
        {
          "id": 6,
          "value": "Pink",
          "meta": "#ffa5b4",
          "attribute": {
            "id": 1,
            "name": "Color",
            "slug": "color"
          }
        },
        {
          "id": 7,
          "value": "Purple",
          "meta": "#8224e3",
          "attribute": {
            "id": 1,
            "name": "Color",
            "slug": "color"
          }
        },
        {
          "id": 8,
          "value": "Red",
          "meta": "#dd3333",
          "attribute": {
            "id": 1,
            "name": "Color",
            "slug": "color"
          }
        }
      ]
    },
    {
      "id": 7,
      "name": "Polarised Wayfarer Sunglasses",
      "description": "This item is only exchangeable for the same or a different size, if available, and cannot be returned",
      "slug": "polarised-wayfarer-sunglasses",
      "soldBy": "Frenaldo",
      "image": {
        "id": 1,
        "thumbnail": "/assets/images/products/p-27-md.png",
        "original": "/assets/images/products/p-27-m.png"
      },
      "gallery": [
        {
          "id": 1,
          "thumbnail": "/assets/images/products/p-27-1.png",
          "original": "/assets/images/products/p-27-1.png"
        },
        {
          "id": 2,
          "thumbnail": "/assets/images/products/p-27-2.png",
          "original": "/assets/images/products/p-27-2.png"
        }
      ],
      "price": 35.0,
      "sale_price": 20.0,
      "quantity": 320,
      "sold": 180,
      "variations": [
        {
          "id": 1,
          "value": "S",
          "attribute": {
            "id": 1,
            "name": "Size",
            "slug": "size"
          }
        },
        {
          "id": 2,
          "value": "M",
          "attribute": {
            "id": 1,
            "name": "Size",
            "slug": "size"
          }
        },
        {
          "id": 3,
          "value": "L",
          "attribute": {
            "id": 1,
            "name": "Size",
            "slug": "size"
          }
        },
        {
          "id": 4,
          "value": "XL",
          "attribute": {
            "id": 1,
            "name": "Size",
            "slug": "size"
          }
        },
        {
          "id": 5,
          "value": "Orange",
          "meta": "#e86c25",
          "attribute": {
            "id": 1,
            "name": "Color",
            "slug": "color"
          }
        },
        {
          "id": 6,
          "value": "Pink",
          "meta": "#ffa5b4",
          "attribute": {
            "id": 1,
            "name": "Color",
            "slug": "color"
          }
        },
        {
          "id": 7,
          "value": "Purple",
          "meta": "#8224e3",
          "attribute": {
            "id": 1,
            "name": "Color",
            "slug": "color"
          }
        },
        {
          "id": 8,
          "value": "Red",
          "meta": "#dd3333",
          "attribute": {
            "id": 1,
            "name": "Color",
            "slug": "color"
          }
        }
      ]
    },
    {
      "id": 8,
      "name": "Gucci Carlton UK",
      "description": "Knitted midi A-line dress, has a scoop neck, sleeveless, straight hem",
      "slug": "gucci-carlton-uk",
      "soldBy": "Frenaldo",
      "image": {
        "id": 1,
        "thumbnail": "/assets/images/products/p-8-md.png",
        "original": "/assets/images/products/p-8-m.png"
      },
      "gallery": [
        {
          "id": 1,
          "thumbnail": "/assets/images/products/p-8-1.png",
          "original": "/assets/images/products/p-8-1.png"
        },
        {
          "id": 2,
          "thumbnail": "/assets/images/products/p-8-2.png",
          "original": "/assets/images/products/p-8-2.png"
        }
      ],
      "price": 19.99,
      "sale_price": 14.99,
      "quantity": 320,
      "sold": 180,
      "variations": [
        {
          "id": 1,
          "value": "S",
          "attribute": {
            "id": 1,
            "name": "Size",
            "slug": "size"
          }
        },
        {
          "id": 2,
          "value": "M",
          "attribute": {
            "id": 1,
            "name": "Size",
            "slug": "size"
          }
        },
        {
          "id": 3,
          "value": "L",
          "attribute": {
            "id": 1,
            "name": "Size",
            "slug": "size"
          }
        },
        {
          "id": 4,
          "value": "XL",
          "attribute": {
            "id": 1,
            "name": "Size",
            "slug": "size"
          }
        },
        {
          "id": 5,
          "value": "Orange",
          "meta": "#e86c25",
          "attribute": {
            "id": 1,
            "name": "Color",
            "slug": "color"
          }
        },
        {
          "id": 6,
          "value": "Pink",
          "meta": "#ffa5b4",
          "attribute": {
            "id": 1,
            "name": "Color",
            "slug": "color"
          }
        },
        {
          "id": 7,
          "value": "Purple",
          "meta": "#8224e3",
          "attribute": {
            "id": 1,
            "name": "Color",
            "slug": "color"
          }
        },
        {
          "id": 8,
          "value": "Red",
          "meta": "#dd3333",
          "attribute": {
            "id": 1,
            "name": "Color",
            "slug": "color"
          }
        }
      ]
    }
  ]
}
