[
  {
    "id": 1,
    "name": "Roadster Women Round Neck",
    "description": "Fendi began life in 1925 as a fur and leather speciality store in Rome.",
    "slug": "armani-veni-vidi-vici",
    "isNewArrival": true,
    "image": {
      "id": 1,
      "thumbnail": "/assets/images/products/ancient/1.jpg",
      "original": "/assets/images/products/ancient/1.jpg"
    },
    "gallery": [
      {
        "id": 1,
        "thumbnail": "/assets/images/products/p-11-1.png",
        "original": "/assets/images/products/p-11-1.png"
      },
      {
        "id": 2,
        "thumbnail": "/assets/images/products/p-11-2.png",
        "original": "/assets/images/products/p-11-2.png"
      },
      {
        "id": 3,
        "thumbnail": "/assets/images/products/p-11-3.png",
        "original": "/assets/images/products/p-11-3.png"
      },
      {
        "id": 4,
        "thumbnail": "/assets/images/products/p-11-4.png",
        "original": "/assets/images/products/p-11-4.png"
      }
    ],
    "price": 18.59,
    "sale_price": 18.59,
    "variations": [
      {
        "id": 1,
        "value": "S",
        "attribute": {
          "id": 1,
          "name": "Size",
          "slug": "size"
        }
      },
      {
        "id": 2,
        "value": "M",
        "attribute": {
          "id": 1,
          "name": "Size",
          "slug": "size"
        }
      },
      {
        "id": 3,
        "value": "L",
        "attribute": {
          "id": 1,
          "name": "Size",
          "slug": "size"
        }
      },
      {
        "id": 4,
        "value": "XL",
        "attribute": {
          "id": 1,
          "name": "Size",
          "slug": "size"
        }
      },
      {
        "id": 5,
        "value": "Orange",
        "meta": "#e86c25",
        "attribute": {
          "id": 1,
          "name": "Color",
          "slug": "color"
        }
      },
      {
        "id": 6,
        "value": "Pink",
        "meta": "#ffa5b4",
        "attribute": {
          "id": 1,
          "name": "Color",
          "slug": "color"
        }
      },
      {
        "id": 7,
        "value": "Purple",
        "meta": "#8224e3",
        "attribute": {
          "id": 1,
          "name": "Color",
          "slug": "color"
        }
      },
      {
        "id": 8,
        "value": "Red",
        "meta": "#dd3333",
        "attribute": {
          "id": 1,
          "name": "Color",
          "slug": "color"
        }
      }
    ]
  },
  {
    "id": 2,
    "name": "Roadster Women Round Neck",
    "description": "Fendi began life in 1925 as a fur and leather speciality store in Rome.",
    "slug": "armani-veni-vidi-vici",
    "isNewArrival": true,
    "image": {
      "id": 1,
      "thumbnail": "/assets/images/products/ancient/2.jpg",
      "original": "/assets/images/products/ancient/2.jpg"
    },
    "gallery": [
      {
        "id": 1,
        "thumbnail": "/assets/images/products/p-11-1.png",
        "original": "/assets/images/products/p-11-1.png"
      },
      {
        "id": 2,
        "thumbnail": "/assets/images/products/p-11-2.png",
        "original": "/assets/images/products/p-11-2.png"
      },
      {
        "id": 3,
        "thumbnail": "/assets/images/products/p-11-3.png",
        "original": "/assets/images/products/p-11-3.png"
      },
      {
        "id": 4,
        "thumbnail": "/assets/images/products/p-11-4.png",
        "original": "/assets/images/products/p-11-4.png"
      }
    ],
    "price": 18.59,
    "sale_price": 18.59,
    "variations": [
      {
        "id": 1,
        "value": "S",
        "attribute": {
          "id": 1,
          "name": "Size",
          "slug": "size"
        }
      },
      {
        "id": 2,
        "value": "M",
        "attribute": {
          "id": 1,
          "name": "Size",
          "slug": "size"
        }
      },
      {
        "id": 3,
        "value": "L",
        "attribute": {
          "id": 1,
          "name": "Size",
          "slug": "size"
        }
      },
      {
        "id": 4,
        "value": "XL",
        "attribute": {
          "id": 1,
          "name": "Size",
          "slug": "size"
        }
      },
      {
        "id": 5,
        "value": "Orange",
        "meta": "#e86c25",
        "attribute": {
          "id": 1,
          "name": "Color",
          "slug": "color"
        }
      },
      {
        "id": 6,
        "value": "Pink",
        "meta": "#ffa5b4",
        "attribute": {
          "id": 1,
          "name": "Color",
          "slug": "color"
        }
      },
      {
        "id": 7,
        "value": "Purple",
        "meta": "#8224e3",
        "attribute": {
          "id": 1,
          "name": "Color",
          "slug": "color"
        }
      },
      {
        "id": 8,
        "value": "Red",
        "meta": "#dd3333",
        "attribute": {
          "id": 1,
          "name": "Color",
          "slug": "color"
        }
      }
    ]
  },
  {
    "id": 3,
    "name": "Roadster Women Round Neck",
    "description": "Fendi began life in 1925 as a fur and leather speciality store in Rome.",
    "slug": "armani-veni-vidi-vici",
    "isNewArrival": true,
    "image": {
      "id": 1,
      "thumbnail": "/assets/images/products/ancient/3.jpg",
      "original": "/assets/images/products/ancient/3.jpg"
    },
    "gallery": [
      {
        "id": 1,
        "thumbnail": "/assets/images/products/p-11-1.png",
        "original": "/assets/images/products/p-11-1.png"
      },
      {
        "id": 2,
        "thumbnail": "/assets/images/products/p-11-2.png",
        "original": "/assets/images/products/p-11-2.png"
      },
      {
        "id": 3,
        "thumbnail": "/assets/images/products/p-11-3.png",
        "original": "/assets/images/products/p-11-3.png"
      },
      {
        "id": 4,
        "thumbnail": "/assets/images/products/p-11-4.png",
        "original": "/assets/images/products/p-11-4.png"
      }
    ],
    "price": 18.59,
    "sale_price": 18.59,
    "variations": [
      {
        "id": 1,
        "value": "S",
        "attribute": {
          "id": 1,
          "name": "Size",
          "slug": "size"
        }
      },
      {
        "id": 2,
        "value": "M",
        "attribute": {
          "id": 1,
          "name": "Size",
          "slug": "size"
        }
      },
      {
        "id": 3,
        "value": "L",
        "attribute": {
          "id": 1,
          "name": "Size",
          "slug": "size"
        }
      },
      {
        "id": 4,
        "value": "XL",
        "attribute": {
          "id": 1,
          "name": "Size",
          "slug": "size"
        }
      },
      {
        "id": 5,
        "value": "Orange",
        "meta": "#e86c25",
        "attribute": {
          "id": 1,
          "name": "Color",
          "slug": "color"
        }
      },
      {
        "id": 6,
        "value": "Pink",
        "meta": "#ffa5b4",
        "attribute": {
          "id": 1,
          "name": "Color",
          "slug": "color"
        }
      },
      {
        "id": 7,
        "value": "Purple",
        "meta": "#8224e3",
        "attribute": {
          "id": 1,
          "name": "Color",
          "slug": "color"
        }
      },
      {
        "id": 8,
        "value": "Red",
        "meta": "#dd3333",
        "attribute": {
          "id": 1,
          "name": "Color",
          "slug": "color"
        }
      }
    ]
  },
  {
    "id": 4,
    "name": "Roadster Women Round Neck",
    "description": "Fendi began life in 1925 as a fur and leather speciality store in Rome.",
    "slug": "armani-veni-vidi-vici",
    "isNewArrival": true,
    "image": {
      "id": 1,
      "thumbnail": "/assets/images/products/ancient/4.jpg",
      "original": "/assets/images/products/ancient/4.jpg"
    },
    "gallery": [
      {
        "id": 1,
        "thumbnail": "/assets/images/products/p-11-1.png",
        "original": "/assets/images/products/p-11-1.png"
      },
      {
        "id": 2,
        "thumbnail": "/assets/images/products/p-11-2.png",
        "original": "/assets/images/products/p-11-2.png"
      },
      {
        "id": 3,
        "thumbnail": "/assets/images/products/p-11-3.png",
        "original": "/assets/images/products/p-11-3.png"
      },
      {
        "id": 4,
        "thumbnail": "/assets/images/products/p-11-4.png",
        "original": "/assets/images/products/p-11-4.png"
      }
    ],
    "price": 18.59,
    "sale_price": 18.59,
    "variations": [
      {
        "id": 1,
        "value": "S",
        "attribute": {
          "id": 1,
          "name": "Size",
          "slug": "size"
        }
      },
      {
        "id": 2,
        "value": "M",
        "attribute": {
          "id": 1,
          "name": "Size",
          "slug": "size"
        }
      },
      {
        "id": 3,
        "value": "L",
        "attribute": {
          "id": 1,
          "name": "Size",
          "slug": "size"
        }
      },
      {
        "id": 4,
        "value": "XL",
        "attribute": {
          "id": 1,
          "name": "Size",
          "slug": "size"
        }
      },
      {
        "id": 5,
        "value": "Orange",
        "meta": "#e86c25",
        "attribute": {
          "id": 1,
          "name": "Color",
          "slug": "color"
        }
      },
      {
        "id": 6,
        "value": "Pink",
        "meta": "#ffa5b4",
        "attribute": {
          "id": 1,
          "name": "Color",
          "slug": "color"
        }
      },
      {
        "id": 7,
        "value": "Purple",
        "meta": "#8224e3",
        "attribute": {
          "id": 1,
          "name": "Color",
          "slug": "color"
        }
      },
      {
        "id": 8,
        "value": "Red",
        "meta": "#dd3333",
        "attribute": {
          "id": 1,
          "name": "Color",
          "slug": "color"
        }
      }
    ]
  },
  {
    "id": 5,
    "name": "Roadster Women Round Neck",
    "description": "Fendi began life in 1925 as a fur and leather speciality store in Rome.",
    "slug": "armani-veni-vidi-vici",
    "isNewArrival": true,
    "image": {
      "id": 1,
      "thumbnail": "/assets/images/products/ancient/5.jpg",
      "original": "/assets/images/products/ancient/5.jpg"
    },
    "gallery": [
      {
        "id": 1,
        "thumbnail": "/assets/images/products/p-11-1.png",
        "original": "/assets/images/products/p-11-1.png"
      },
      {
        "id": 2,
        "thumbnail": "/assets/images/products/p-11-2.png",
        "original": "/assets/images/products/p-11-2.png"
      },
      {
        "id": 3,
        "thumbnail": "/assets/images/products/p-11-3.png",
        "original": "/assets/images/products/p-11-3.png"
      },
      {
        "id": 4,
        "thumbnail": "/assets/images/products/p-11-4.png",
        "original": "/assets/images/products/p-11-4.png"
      }
    ],
    "price": 18.59,
    "sale_price": 18.59,
    "variations": [
      {
        "id": 1,
        "value": "S",
        "attribute": {
          "id": 1,
          "name": "Size",
          "slug": "size"
        }
      },
      {
        "id": 2,
        "value": "M",
        "attribute": {
          "id": 1,
          "name": "Size",
          "slug": "size"
        }
      },
      {
        "id": 3,
        "value": "L",
        "attribute": {
          "id": 1,
          "name": "Size",
          "slug": "size"
        }
      },
      {
        "id": 4,
        "value": "XL",
        "attribute": {
          "id": 1,
          "name": "Size",
          "slug": "size"
        }
      },
      {
        "id": 5,
        "value": "Orange",
        "meta": "#e86c25",
        "attribute": {
          "id": 1,
          "name": "Color",
          "slug": "color"
        }
      },
      {
        "id": 6,
        "value": "Pink",
        "meta": "#ffa5b4",
        "attribute": {
          "id": 1,
          "name": "Color",
          "slug": "color"
        }
      },
      {
        "id": 7,
        "value": "Purple",
        "meta": "#8224e3",
        "attribute": {
          "id": 1,
          "name": "Color",
          "slug": "color"
        }
      },
      {
        "id": 8,
        "value": "Red",
        "meta": "#dd3333",
        "attribute": {
          "id": 1,
          "name": "Color",
          "slug": "color"
        }
      }
    ]
  },
  {
    "id": 6,
    "name": "Roadster Women Round Neck",
    "description": "Fendi began life in 1925 as a fur and leather speciality store in Rome.",
    "slug": "armani-veni-vidi-vici",
    "isNewArrival": true,
    "image": {
      "id": 1,
      "thumbnail": "/assets/images/products/ancient/6.jpg",
      "original": "/assets/images/products/ancient/6.jpg"
    },
    "gallery": [
      {
        "id": 1,
        "thumbnail": "/assets/images/products/p-11-1.png",
        "original": "/assets/images/products/p-11-1.png"
      },
      {
        "id": 2,
        "thumbnail": "/assets/images/products/p-11-2.png",
        "original": "/assets/images/products/p-11-2.png"
      },
      {
        "id": 3,
        "thumbnail": "/assets/images/products/p-11-3.png",
        "original": "/assets/images/products/p-11-3.png"
      },
      {
        "id": 4,
        "thumbnail": "/assets/images/products/p-11-4.png",
        "original": "/assets/images/products/p-11-4.png"
      }
    ],
    "price": 18.59,
    "sale_price": 18.59,
    "variations": [
      {
        "id": 1,
        "value": "S",
        "attribute": {
          "id": 1,
          "name": "Size",
          "slug": "size"
        }
      },
      {
        "id": 2,
        "value": "M",
        "attribute": {
          "id": 1,
          "name": "Size",
          "slug": "size"
        }
      },
      {
        "id": 3,
        "value": "L",
        "attribute": {
          "id": 1,
          "name": "Size",
          "slug": "size"
        }
      },
      {
        "id": 4,
        "value": "XL",
        "attribute": {
          "id": 1,
          "name": "Size",
          "slug": "size"
        }
      },
      {
        "id": 5,
        "value": "Orange",
        "meta": "#e86c25",
        "attribute": {
          "id": 1,
          "name": "Color",
          "slug": "color"
        }
      },
      {
        "id": 6,
        "value": "Pink",
        "meta": "#ffa5b4",
        "attribute": {
          "id": 1,
          "name": "Color",
          "slug": "color"
        }
      },
      {
        "id": 7,
        "value": "Purple",
        "meta": "#8224e3",
        "attribute": {
          "id": 1,
          "name": "Color",
          "slug": "color"
        }
      },
      {
        "id": 8,
        "value": "Red",
        "meta": "#dd3333",
        "attribute": {
          "id": 1,
          "name": "Color",
          "slug": "color"
        }
      }
    ]
  },
  {
    "id": 7,
    "name": "Roadster Women Round Neck",
    "description": "Fendi began life in 1925 as a fur and leather speciality store in Rome.",
    "slug": "armani-veni-vidi-vici",
    "isNewArrival": true,
    "image": {
      "id": 1,
      "thumbnail": "/assets/images/products/ancient/7.jpg",
      "original": "/assets/images/products/ancient/7.jpg"
    },
    "gallery": [
      {
        "id": 1,
        "thumbnail": "/assets/images/products/p-11-1.png",
        "original": "/assets/images/products/p-11-1.png"
      },
      {
        "id": 2,
        "thumbnail": "/assets/images/products/p-11-2.png",
        "original": "/assets/images/products/p-11-2.png"
      },
      {
        "id": 3,
        "thumbnail": "/assets/images/products/p-11-3.png",
        "original": "/assets/images/products/p-11-3.png"
      },
      {
        "id": 4,
        "thumbnail": "/assets/images/products/p-11-4.png",
        "original": "/assets/images/products/p-11-4.png"
      }
    ],
    "price": 18.59,
    "sale_price": 18.59,
    "variations": [
      {
        "id": 1,
        "value": "S",
        "attribute": {
          "id": 1,
          "name": "Size",
          "slug": "size"
        }
      },
      {
        "id": 2,
        "value": "M",
        "attribute": {
          "id": 1,
          "name": "Size",
          "slug": "size"
        }
      },
      {
        "id": 3,
        "value": "L",
        "attribute": {
          "id": 1,
          "name": "Size",
          "slug": "size"
        }
      },
      {
        "id": 4,
        "value": "XL",
        "attribute": {
          "id": 1,
          "name": "Size",
          "slug": "size"
        }
      },
      {
        "id": 5,
        "value": "Orange",
        "meta": "#e86c25",
        "attribute": {
          "id": 1,
          "name": "Color",
          "slug": "color"
        }
      },
      {
        "id": 6,
        "value": "Pink",
        "meta": "#ffa5b4",
        "attribute": {
          "id": 1,
          "name": "Color",
          "slug": "color"
        }
      },
      {
        "id": 7,
        "value": "Purple",
        "meta": "#8224e3",
        "attribute": {
          "id": 1,
          "name": "Color",
          "slug": "color"
        }
      },
      {
        "id": 8,
        "value": "Red",
        "meta": "#dd3333",
        "attribute": {
          "id": 1,
          "name": "Color",
          "slug": "color"
        }
      }
    ]
  },
  {
    "id": 8,
    "name": "Roadster Women Round Neck",
    "description": "Fendi began life in 1925 as a fur and leather speciality store in Rome.",
    "slug": "armani-veni-vidi-vici",
    "isNewArrival": true,
    "image": {
      "id": 1,
      "thumbnail": "/assets/images/products/ancient/8.jpg",
      "original": "/assets/images/products/ancient/8.jpg"
    },
    "gallery": [
      {
        "id": 1,
        "thumbnail": "/assets/images/products/p-11-1.png",
        "original": "/assets/images/products/p-11-1.png"
      },
      {
        "id": 2,
        "thumbnail": "/assets/images/products/p-11-2.png",
        "original": "/assets/images/products/p-11-2.png"
      },
      {
        "id": 3,
        "thumbnail": "/assets/images/products/p-11-3.png",
        "original": "/assets/images/products/p-11-3.png"
      },
      {
        "id": 4,
        "thumbnail": "/assets/images/products/p-11-4.png",
        "original": "/assets/images/products/p-11-4.png"
      }
    ],
    "price": 18.59,
    "sale_price": 18.59,
    "variations": [
      {
        "id": 1,
        "value": "S",
        "attribute": {
          "id": 1,
          "name": "Size",
          "slug": "size"
        }
      },
      {
        "id": 2,
        "value": "M",
        "attribute": {
          "id": 1,
          "name": "Size",
          "slug": "size"
        }
      },
      {
        "id": 3,
        "value": "L",
        "attribute": {
          "id": 1,
          "name": "Size",
          "slug": "size"
        }
      },
      {
        "id": 4,
        "value": "XL",
        "attribute": {
          "id": 1,
          "name": "Size",
          "slug": "size"
        }
      },
      {
        "id": 5,
        "value": "Orange",
        "meta": "#e86c25",
        "attribute": {
          "id": 1,
          "name": "Color",
          "slug": "color"
        }
      },
      {
        "id": 6,
        "value": "Pink",
        "meta": "#ffa5b4",
        "attribute": {
          "id": 1,
          "name": "Color",
          "slug": "color"
        }
      },
      {
        "id": 7,
        "value": "Purple",
        "meta": "#8224e3",
        "attribute": {
          "id": 1,
          "name": "Color",
          "slug": "color"
        }
      },
      {
        "id": 8,
        "value": "Red",
        "meta": "#dd3333",
        "attribute": {
          "id": 1,
          "name": "Color",
          "slug": "color"
        }
      }
    ]
  },
  {
    "id": 9,
    "name": "Roadster Women Round Neck",
    "description": "Fendi began life in 1925 as a fur and leather speciality store in Rome.",
    "slug": "armani-veni-vidi-vici",
    "isNewArrival": true,
    "image": {
      "id": 1,
      "thumbnail": "/assets/images/products/ancient/9.jpg",
      "original": "/assets/images/products/ancient/9.jpg"
    },
    "gallery": [
      {
        "id": 1,
        "thumbnail": "/assets/images/products/p-11-1.png",
        "original": "/assets/images/products/p-11-1.png"
      },
      {
        "id": 2,
        "thumbnail": "/assets/images/products/p-11-2.png",
        "original": "/assets/images/products/p-11-2.png"
      },
      {
        "id": 3,
        "thumbnail": "/assets/images/products/p-11-3.png",
        "original": "/assets/images/products/p-11-3.png"
      },
      {
        "id": 4,
        "thumbnail": "/assets/images/products/p-11-4.png",
        "original": "/assets/images/products/p-11-4.png"
      }
    ],
    "price": 18.59,
    "sale_price": 18.59,
    "variations": [
      {
        "id": 1,
        "value": "S",
        "attribute": {
          "id": 1,
          "name": "Size",
          "slug": "size"
        }
      },
      {
        "id": 2,
        "value": "M",
        "attribute": {
          "id": 1,
          "name": "Size",
          "slug": "size"
        }
      },
      {
        "id": 3,
        "value": "L",
        "attribute": {
          "id": 1,
          "name": "Size",
          "slug": "size"
        }
      },
      {
        "id": 4,
        "value": "XL",
        "attribute": {
          "id": 1,
          "name": "Size",
          "slug": "size"
        }
      },
      {
        "id": 5,
        "value": "Orange",
        "meta": "#e86c25",
        "attribute": {
          "id": 1,
          "name": "Color",
          "slug": "color"
        }
      },
      {
        "id": 6,
        "value": "Pink",
        "meta": "#ffa5b4",
        "attribute": {
          "id": 1,
          "name": "Color",
          "slug": "color"
        }
      },
      {
        "id": 7,
        "value": "Purple",
        "meta": "#8224e3",
        "attribute": {
          "id": 1,
          "name": "Color",
          "slug": "color"
        }
      },
      {
        "id": 8,
        "value": "Red",
        "meta": "#dd3333",
        "attribute": {
          "id": 1,
          "name": "Color",
          "slug": "color"
        }
      }
    ]
  },
  {
    "id": 10,
    "name": "Roadster Women Round Neck",
    "description": "Fendi began life in 1925 as a fur and leather speciality store in Rome.",
    "slug": "armani-veni-vidi-vici",
    "isNewArrival": true,
    "image": {
      "id": 1,
      "thumbnail": "/assets/images/products/ancient/10.jpg",
      "original": "/assets/images/products/ancient/10.jpg"
    },
    "gallery": [
      {
        "id": 1,
        "thumbnail": "/assets/images/products/p-11-1.png",
        "original": "/assets/images/products/p-11-1.png"
      },
      {
        "id": 2,
        "thumbnail": "/assets/images/products/p-11-2.png",
        "original": "/assets/images/products/p-11-2.png"
      },
      {
        "id": 3,
        "thumbnail": "/assets/images/products/p-11-3.png",
        "original": "/assets/images/products/p-11-3.png"
      },
      {
        "id": 4,
        "thumbnail": "/assets/images/products/p-11-4.png",
        "original": "/assets/images/products/p-11-4.png"
      }
    ],
    "price": 18.59,
    "sale_price": 18.59,
    "variations": [
      {
        "id": 1,
        "value": "S",
        "attribute": {
          "id": 1,
          "name": "Size",
          "slug": "size"
        }
      },
      {
        "id": 2,
        "value": "M",
        "attribute": {
          "id": 1,
          "name": "Size",
          "slug": "size"
        }
      },
      {
        "id": 3,
        "value": "L",
        "attribute": {
          "id": 1,
          "name": "Size",
          "slug": "size"
        }
      },
      {
        "id": 4,
        "value": "XL",
        "attribute": {
          "id": 1,
          "name": "Size",
          "slug": "size"
        }
      },
      {
        "id": 5,
        "value": "Orange",
        "meta": "#e86c25",
        "attribute": {
          "id": 1,
          "name": "Color",
          "slug": "color"
        }
      },
      {
        "id": 6,
        "value": "Pink",
        "meta": "#ffa5b4",
        "attribute": {
          "id": 1,
          "name": "Color",
          "slug": "color"
        }
      },
      {
        "id": 7,
        "value": "Purple",
        "meta": "#8224e3",
        "attribute": {
          "id": 1,
          "name": "Color",
          "slug": "color"
        }
      },
      {
        "id": 8,
        "value": "Red",
        "meta": "#dd3333",
        "attribute": {
          "id": 1,
          "name": "Color",
          "slug": "color"
        }
      }
    ]
  }
]
