[
  {
    "id": 1,
    "name": "Nike Black",
    "description": "Casual wear (casual attire or clothing) may be a Western code that’s relaxed, occasional, spontaneous and fitted to everyday use. Casual wear became popular within the Western world",
    "slug": "nike-black",
    "isNewArrival": true,
    "image": {
      "id": 1,
      "thumbnail": "/assets/images/products/p-1.png",
      "original": "/assets/images/products/p-1-m.png"
    },
    "gallery": [
      {
        "id": 1,
        "thumbnail": "/assets/images/products/p-1-1.png",
        "original": "/assets/images/products/p-1-1.png"
      },
      {
        "id": 2,
        "thumbnail": "/assets/images/products/p-1-2.png",
        "original": "/assets/images/products/p-1-2.png"
      },
      {
        "id": 3,
        "thumbnail": "/assets/images/products/p-1-3.png",
        "original": "/assets/images/products/p-1-3.png"
      },
      {
        "id": 4,
        "thumbnail": "/assets/images/products/p-1-4.png",
        "original": "/assets/images/products/p-1-4.png"
      }
    ],
    "price": 15.0,
    "sale_price": 11.0,
    "variations": [
      {
        "id": 1,
        "value": "S",
        "attribute": {
          "id": 1,
          "name": "Size",
          "slug": "size"
        }
      },
      {
        "id": 2,
        "value": "M",
        "attribute": {
          "id": 1,
          "name": "Size",
          "slug": "size"
        }
      },
      {
        "id": 3,
        "value": "L",
        "attribute": {
          "id": 1,
          "name": "Size",
          "slug": "size"
        }
      },
      {
        "id": 4,
        "value": "XL",
        "attribute": {
          "id": 1,
          "name": "Size",
          "slug": "size"
        }
      },
      {
        "id": 5,
        "value": "Orange",
        "meta": "#e86c25",
        "attribute": {
          "id": 1,
          "name": "Color",
          "slug": "color"
        }
      },
      {
        "id": 6,
        "value": "Pink",
        "meta": "#ffa5b4",
        "attribute": {
          "id": 1,
          "name": "Color",
          "slug": "color"
        }
      },
      {
        "id": 7,
        "value": "Purple",
        "meta": "#8224e3",
        "attribute": {
          "id": 1,
          "name": "Color",
          "slug": "color"
        }
      },
      {
        "id": 8,
        "value": "Red",
        "meta": "#dd3333",
        "attribute": {
          "id": 1,
          "name": "Color",
          "slug": "color"
        }
      }
    ]
  },
  {
    "id": 2,
    "name": "Hermes  Carlton London",
    "description": "Off-White self-striped knitted midi A-line dress, has a scoop neck, sleeveless, straight hem",
    "slug": "hermes-carlton-london",
    "image": {
      "id": 1,
      "thumbnail": "/assets/images/products/p-2.png",
      "original": "/assets/images/products/p-2-m.png"
    },
    "gallery": [
      {
        "id": 1,
        "thumbnail": "/assets/images/products/p-2-1.png",
        "original": "/assets/images/products/p-2-1.png"
      },
      {
        "id": 2,
        "thumbnail": "/assets/images/products/p-2-2.png",
        "original": "/assets/images/products/p-2-2.png"
      },
      {
        "id": 3,
        "thumbnail": "/assets/images/products/p-2-3.png",
        "original": "/assets/images/products/p-2-3.png"
      },
      {
        "id": 4,
        "thumbnail": "/assets/images/products/p-2-4.png",
        "original": "/assets/images/products/p-2-4.png"
      }
    ],
    "price": 16.38,
    "sale_price": 12.3,
    "variations": [
      {
        "id": 1,
        "value": "S",
        "attribute": {
          "id": 1,
          "name": "Size",
          "slug": "size"
        }
      },
      {
        "id": 2,
        "value": "M",
        "attribute": {
          "id": 1,
          "name": "Size",
          "slug": "size"
        }
      },
      {
        "id": 3,
        "value": "L",
        "attribute": {
          "id": 1,
          "name": "Size",
          "slug": "size"
        }
      },
      {
        "id": 4,
        "value": "XL",
        "attribute": {
          "id": 1,
          "name": "Size",
          "slug": "size"
        }
      },
      {
        "id": 5,
        "value": "Orange",
        "meta": "#e86c25",
        "attribute": {
          "id": 1,
          "name": "Color",
          "slug": "color"
        }
      },
      {
        "id": 6,
        "value": "Pink",
        "meta": "#ffa5b4",
        "attribute": {
          "id": 1,
          "name": "Color",
          "slug": "color"
        }
      },
      {
        "id": 7,
        "value": "Purple",
        "meta": "#8224e3",
        "attribute": {
          "id": 1,
          "name": "Color",
          "slug": "color"
        }
      },
      {
        "id": 8,
        "value": "Red",
        "meta": "#dd3333",
        "attribute": {
          "id": 1,
          "name": "Color",
          "slug": "color"
        }
      }
    ]
  },
  {
    "id": 3,
    "name": "Gucci Carlton UK",
    "description": "Knitted midi A-line dress, has a scoop neck, sleeveless, straight hem",
    "slug": "gucci-carlton-uk",
    "isNewArrival": true,
    "image": {
      "id": 1,
      "thumbnail": "/assets/images/products/p-8.png",
      "original": "/assets/images/products/p-8-m.png"
    },
    "gallery": [
      {
        "id": 1,
        "thumbnail": "/assets/images/products/p-8-1.png",
        "original": "/assets/images/products/p-8-1.png"
      },
      {
        "id": 2,
        "thumbnail": "/assets/images/products/p-8-2.png",
        "original": "/assets/images/products/p-8-2.png"
      },
      {
        "id": 3,
        "thumbnail": "/assets/images/products/p-8-3.png",
        "original": "/assets/images/products/p-8-3.png"
      },
      {
        "id": 4,
        "thumbnail": "/assets/images/products/p-8-4.png",
        "original": "/assets/images/products/p-8-4.png"
      }
    ],
    "price": 19.99,
    "sale_price": 14.99,
    "quantity": 0,
    "variations": [
      {
        "id": 1,
        "value": "S",
        "attribute": {
          "id": 1,
          "name": "Size",
          "slug": "size"
        }
      },
      {
        "id": 2,
        "value": "M",
        "attribute": {
          "id": 1,
          "name": "Size",
          "slug": "size"
        }
      },
      {
        "id": 3,
        "value": "L",
        "attribute": {
          "id": 1,
          "name": "Size",
          "slug": "size"
        }
      },
      {
        "id": 4,
        "value": "XL",
        "attribute": {
          "id": 1,
          "name": "Size",
          "slug": "size"
        }
      },
      {
        "id": 5,
        "value": "Orange",
        "meta": "#e86c25",
        "attribute": {
          "id": 1,
          "name": "Color",
          "slug": "color"
        }
      },
      {
        "id": 6,
        "value": "Pink",
        "meta": "#ffa5b4",
        "attribute": {
          "id": 1,
          "name": "Color",
          "slug": "color"
        }
      },
      {
        "id": 7,
        "value": "Purple",
        "meta": "#8224e3",
        "attribute": {
          "id": 1,
          "name": "Color",
          "slug": "color"
        }
      },
      {
        "id": 8,
        "value": "Red",
        "meta": "#dd3333",
        "attribute": {
          "id": 1,
          "name": "Color",
          "slug": "color"
        }
      }
    ]
  },
  {
    "id": 4,
    "name": "Regular Fit Flannel Shirt",
    "description": "The garments labelled as Committed are products that have been produced using sustainable fibers or processes, reducing their environmental impact. Mango's goal is to support the implementation of practices more committed to the environment.",
    "slug": "regular-fit-flannel-shirt",
    "image": {
      "id": 1,
      "thumbnail": "/assets/images/products/p-4.png",
      "original": "/assets/images/products/p-4-m.png"
    },
    "gallery": [
      {
        "id": 1,
        "thumbnail": "/assets/images/products/p-4-1.png",
        "original": "/assets/images/products/p-4-1.png"
      },
      {
        "id": 2,
        "thumbnail": "/assets/images/products/p-4-2.png",
        "original": "/assets/images/products/p-4-2.png"
      },
      {
        "id": 3,
        "thumbnail": "/assets/images/products/p-4-3.png",
        "original": "/assets/images/products/p-4-3.png"
      },
      {
        "id": 4,
        "thumbnail": "/assets/images/products/p-4-4.png",
        "original": "/assets/images/products/p-4-4.png"
      }
    ],
    "price": "",
    "sale_price": 8.0,
    "variations": [
      {
        "id": 1,
        "value": "S",
        "attribute": {
          "id": 1,
          "name": "Size",
          "slug": "size"
        }
      },
      {
        "id": 2,
        "value": "M",
        "attribute": {
          "id": 1,
          "name": "Size",
          "slug": "size"
        }
      },
      {
        "id": 3,
        "value": "L",
        "attribute": {
          "id": 1,
          "name": "Size",
          "slug": "size"
        }
      },
      {
        "id": 4,
        "value": "XL",
        "attribute": {
          "id": 1,
          "name": "Size",
          "slug": "size"
        }
      },
      {
        "id": 5,
        "value": "Orange",
        "meta": "#e86c25",
        "attribute": {
          "id": 1,
          "name": "Color",
          "slug": "color"
        }
      },
      {
        "id": 6,
        "value": "Pink",
        "meta": "#ffa5b4",
        "attribute": {
          "id": 1,
          "name": "Color",
          "slug": "color"
        }
      },
      {
        "id": 7,
        "value": "Purple",
        "meta": "#8224e3",
        "attribute": {
          "id": 1,
          "name": "Color",
          "slug": "color"
        }
      },
      {
        "id": 8,
        "value": "Red",
        "meta": "#dd3333",
        "attribute": {
          "id": 1,
          "name": "Color",
          "slug": "color"
        }
      }
    ]
  },
  {
    "id": 5,
    "name": "12 Eco-Friendly Clothing Brands That",
    "description": "12 Eco-Friendly Clothing Brands That, has a scoop neck, sleeveless, straight hem",
    "slug": "eco-friendly-clothing-brands-that",
    "isNewArrival": true,
    "image": {
      "id": 1,
      "thumbnail": "/assets/images/products/p-5.png",
      "original": "/assets/images/products/p-5-m.png"
    },
    "gallery": [
      {
        "id": 1,
        "thumbnail": "/assets/images/products/p-5-1.png",
        "original": "/assets/images/products/p-5-1.png"
      },
      {
        "id": 2,
        "thumbnail": "/assets/images/products/p-5-2.png",
        "original": "/assets/images/products/p-5-2.png"
      },
      {
        "id": 3,
        "thumbnail": "/assets/images/products/p-5-3.png",
        "original": "/assets/images/products/p-5-3.png"
      },
      {
        "id": 4,
        "thumbnail": "/assets/images/products/p-5-4.png",
        "original": "/assets/images/products/p-5-4.png"
      }
    ],
    "price": 28.0,
    "sale_price": 20.0,
    "variations": [
      {
        "id": 1,
        "value": "S",
        "attribute": {
          "id": 1,
          "name": "Size",
          "slug": "size"
        }
      },
      {
        "id": 2,
        "value": "M",
        "attribute": {
          "id": 1,
          "name": "Size",
          "slug": "size"
        }
      },
      {
        "id": 3,
        "value": "L",
        "attribute": {
          "id": 1,
          "name": "Size",
          "slug": "size"
        }
      },
      {
        "id": 4,
        "value": "XL",
        "attribute": {
          "id": 1,
          "name": "Size",
          "slug": "size"
        }
      },
      {
        "id": 5,
        "value": "Orange",
        "meta": "#e86c25",
        "attribute": {
          "id": 1,
          "name": "Color",
          "slug": "color"
        }
      },
      {
        "id": 6,
        "value": "Pink",
        "meta": "#ffa5b4",
        "attribute": {
          "id": 1,
          "name": "Color",
          "slug": "color"
        }
      },
      {
        "id": 7,
        "value": "Purple",
        "meta": "#8224e3",
        "attribute": {
          "id": 1,
          "name": "Color",
          "slug": "color"
        }
      },
      {
        "id": 8,
        "value": "Red",
        "meta": "#dd3333",
        "attribute": {
          "id": 1,
          "name": "Color",
          "slug": "color"
        }
      }
    ]
  },
  {
    "id": 6,
    "name": "Oversized W Sweater",
    "description": "Constructed in cotton sweat fabric, this lovely piece, lacus eu mattis auctor, dolor lectus venenatis nulla, at tristique eros sem vel ante. Sed leo enim, iaculis ornare tristique non, vulputate sit amet ante.",
    "slug": "oversized-w-sweater",
    "image": {
      "id": 1,
      "thumbnail": "/assets/images/products/p-6.png",
      "original": "/assets/images/products/p-6-m.png"
    },
    "gallery": [
      {
        "id": 1,
        "thumbnail": "/assets/images/products/p-6-1.png",
        "original": "/assets/images/products/p-6-1.png"
      },
      {
        "id": 2,
        "thumbnail": "/assets/images/products/p-6-2.png",
        "original": "/assets/images/products/p-6-2.png"
      },
      {
        "id": 3,
        "thumbnail": "/assets/images/products/p-6-3.png",
        "original": "/assets/images/products/p-6-3.png"
      },
      {
        "id": 4,
        "thumbnail": "/assets/images/products/p-6-4.png",
        "original": "/assets/images/products/p-6-4.png"
      }
    ],
    "price": 70.0,
    "sale_price": 55.0,
    "quantity": 0,
    "variations": [
      {
        "id": 1,
        "value": "S",
        "attribute": {
          "id": 1,
          "name": "Size",
          "slug": "size"
        }
      },
      {
        "id": 2,
        "value": "M",
        "attribute": {
          "id": 1,
          "name": "Size",
          "slug": "size"
        }
      },
      {
        "id": 3,
        "value": "L",
        "attribute": {
          "id": 1,
          "name": "Size",
          "slug": "size"
        }
      },
      {
        "id": 4,
        "value": "XL",
        "attribute": {
          "id": 1,
          "name": "Size",
          "slug": "size"
        }
      },
      {
        "id": 5,
        "value": "Orange",
        "meta": "#e86c25",
        "attribute": {
          "id": 1,
          "name": "Color",
          "slug": "color"
        }
      },
      {
        "id": 6,
        "value": "Pink",
        "meta": "#ffa5b4",
        "attribute": {
          "id": 1,
          "name": "Color",
          "slug": "color"
        }
      },
      {
        "id": 7,
        "value": "Purple",
        "meta": "#8224e3",
        "attribute": {
          "id": 1,
          "name": "Color",
          "slug": "color"
        }
      },
      {
        "id": 8,
        "value": "Red",
        "meta": "#dd3333",
        "attribute": {
          "id": 1,
          "name": "Color",
          "slug": "color"
        }
      }
    ]
  },
  {
    "id": 7,
    "name": "Regular Fit Crew-neck T-shirt",
    "description": "Self-striped knitted midi A-line dress, has a scoop neck, T-shirt, straight hem",
    "slug": "regular-fit-crew-neck-t-shirt",
    "image": {
      "id": 1,
      "thumbnail": "/assets/images/products/p-7.png",
      "original": "/assets/images/products/p-7-m.png"
    },
    "gallery": [
      {
        "id": 1,
        "thumbnail": "/assets/images/products/p-7-1.png",
        "original": "/assets/images/products/p-7-1.png"
      },
      {
        "id": 2,
        "thumbnail": "/assets/images/products/p-7-2.png",
        "original": "/assets/images/products/p-7-2.png"
      },
      {
        "id": 3,
        "thumbnail": "/assets/images/products/p-7-3.png",
        "original": "/assets/images/products/p-7-3.png"
      },
      {
        "id": 4,
        "thumbnail": "/assets/images/products/p-7-4.png",
        "original": "/assets/images/products/p-7-4.png"
      }
    ],
    "price": 16.38,
    "sale_price": 12.3,
    "variations": [
      {
        "id": 1,
        "value": "S",
        "attribute": {
          "id": 1,
          "name": "Size",
          "slug": "size"
        }
      },
      {
        "id": 2,
        "value": "M",
        "attribute": {
          "id": 1,
          "name": "Size",
          "slug": "size"
        }
      },
      {
        "id": 3,
        "value": "L",
        "attribute": {
          "id": 1,
          "name": "Size",
          "slug": "size"
        }
      },
      {
        "id": 4,
        "value": "XL",
        "attribute": {
          "id": 1,
          "name": "Size",
          "slug": "size"
        }
      },
      {
        "id": 5,
        "value": "Orange",
        "meta": "#e86c25",
        "attribute": {
          "id": 1,
          "name": "Color",
          "slug": "color"
        }
      },
      {
        "id": 6,
        "value": "Pink",
        "meta": "#ffa5b4",
        "attribute": {
          "id": 1,
          "name": "Color",
          "slug": "color"
        }
      },
      {
        "id": 7,
        "value": "Purple",
        "meta": "#8224e3",
        "attribute": {
          "id": 1,
          "name": "Color",
          "slug": "color"
        }
      },
      {
        "id": 8,
        "value": "Red",
        "meta": "#dd3333",
        "attribute": {
          "id": 1,
          "name": "Color",
          "slug": "color"
        }
      }
    ]
  },
  {
    "id": 8,
    "name": "Zara Shoes Green",
    "description": "Footwear refers to garments worn on the feet, which originally serves to purpose of protection against adversities of the environment, usually regarding ground textures and temperature.",
    "slug": "zara-shoes-green",
    "isNewArrival": true,
    "image": {
      "id": 1,
      "thumbnail": "/assets/images/products/p-3.png",
      "original": "/assets/images/products/p-3-m.png"
    },
    "gallery": [
      {
        "id": 1,
        "thumbnail": "/assets/images/products/p-3-1.png",
        "original": "/assets/images/products/p-3-1.png"
      },
      {
        "id": 2,
        "thumbnail": "/assets/images/products/p-3-2.png",
        "original": "/assets/images/products/p-3-2.png"
      }
    ],
    "price": "",
    "sale_price": 50.0,
    "variations": [
      {
        "id": 1,
        "value": "S",
        "attribute": {
          "id": 1,
          "name": "Size",
          "slug": "size"
        }
      },
      {
        "id": 2,
        "value": "M",
        "attribute": {
          "id": 1,
          "name": "Size",
          "slug": "size"
        }
      },
      {
        "id": 3,
        "value": "L",
        "attribute": {
          "id": 1,
          "name": "Size",
          "slug": "size"
        }
      },
      {
        "id": 4,
        "value": "XL",
        "attribute": {
          "id": 1,
          "name": "Size",
          "slug": "size"
        }
      },
      {
        "id": 5,
        "value": "Orange",
        "meta": "#e86c25",
        "attribute": {
          "id": 1,
          "name": "Color",
          "slug": "color"
        }
      },
      {
        "id": 6,
        "value": "Pink",
        "meta": "#ffa5b4",
        "attribute": {
          "id": 1,
          "name": "Color",
          "slug": "color"
        }
      },
      {
        "id": 7,
        "value": "Purple",
        "meta": "#8224e3",
        "attribute": {
          "id": 1,
          "name": "Color",
          "slug": "color"
        }
      },
      {
        "id": 8,
        "value": "Red",
        "meta": "#dd3333",
        "attribute": {
          "id": 1,
          "name": "Color",
          "slug": "color"
        }
      }
    ]
  },
  {
    "id": 9,
    "name": "Women Fitted Neck T-Shirt",
    "description": "All about the crisp cut and exceptional quality of the cotton, the Women Fitted V Neck Rib L/S T-Shirt won’t be one you’ll be tossing away ever.",
    "slug": "women-fitted-neck-t-shirt",
    "image": {
      "id": 1,
      "thumbnail": "/assets/images/products/p-9.png",
      "original": "/assets/images/products/p-9-m.png"
    },
    "gallery": [
      {
        "id": 1,
        "thumbnail": "/assets/images/products/p-9-1.png",
        "original": "/assets/images/products/p-9-1.png"
      },
      {
        "id": 2,
        "thumbnail": "/assets/images/products/p-9-2.png",
        "original": "/assets/images/products/p-9-2.png"
      },
      {
        "id": 3,
        "thumbnail": "/assets/images/products/p-9-3.png",
        "original": "/assets/images/products/p-9-3.png"
      },
      {
        "id": 4,
        "thumbnail": "/assets/images/products/p-9-4.png",
        "original": "/assets/images/products/p-9-4.png"
      }
    ],
    "price": 30.0,
    "sale_price": 28.0,
    "variations": [
      {
        "id": 1,
        "value": "S",
        "attribute": {
          "id": 1,
          "name": "Size",
          "slug": "size"
        }
      },
      {
        "id": 2,
        "value": "M",
        "attribute": {
          "id": 1,
          "name": "Size",
          "slug": "size"
        }
      },
      {
        "id": 3,
        "value": "L",
        "attribute": {
          "id": 1,
          "name": "Size",
          "slug": "size"
        }
      },
      {
        "id": 4,
        "value": "XL",
        "attribute": {
          "id": 1,
          "name": "Size",
          "slug": "size"
        }
      },
      {
        "id": 5,
        "value": "Orange",
        "meta": "#e86c25",
        "attribute": {
          "id": 1,
          "name": "Color",
          "slug": "color"
        }
      },
      {
        "id": 6,
        "value": "Pink",
        "meta": "#ffa5b4",
        "attribute": {
          "id": 1,
          "name": "Color",
          "slug": "color"
        }
      },
      {
        "id": 7,
        "value": "Purple",
        "meta": "#8224e3",
        "attribute": {
          "id": 1,
          "name": "Color",
          "slug": "color"
        }
      },
      {
        "id": 8,
        "value": "Red",
        "meta": "#dd3333",
        "attribute": {
          "id": 1,
          "name": "Color",
          "slug": "color"
        }
      }
    ]
  },
  {
    "id": 10,
    "name": "NIKE Shoes",
    "description": "NIKE 2020 Black White is a clean and monochromatic colourway of the label’s latest high-technology silhouette. The model first launched late last year and is currently Jordan Brand’s flagship performance pair.",
    "slug": "nike-shoes",
    "isNewArrival": true,
    "image": {
      "id": 1,
      "thumbnail": "/assets/images/products/p-10.png",
      "original": "/assets/images/products/p-10-m.png"
    },
    "gallery": [
      {
        "id": 1,
        "thumbnail": "/assets/images/products/p-10-1.png",
        "original": "/assets/images/products/p-10-1.png"
      },
      {
        "id": 2,
        "thumbnail": "/assets/images/products/p-10-2.png",
        "original": "/assets/images/products/p-10-2.png"
      }
    ],
    "price": "",
    "sale_price": 39.99,
    "quantity": 0,
    "variations": [
      {
        "id": 1,
        "value": "S",
        "attribute": {
          "id": 1,
          "name": "Size",
          "slug": "size"
        }
      },
      {
        "id": 2,
        "value": "M",
        "attribute": {
          "id": 1,
          "name": "Size",
          "slug": "size"
        }
      },
      {
        "id": 3,
        "value": "L",
        "attribute": {
          "id": 1,
          "name": "Size",
          "slug": "size"
        }
      },
      {
        "id": 4,
        "value": "XL",
        "attribute": {
          "id": 1,
          "name": "Size",
          "slug": "size"
        }
      },
      {
        "id": 5,
        "value": "Orange",
        "meta": "#e86c25",
        "attribute": {
          "id": 1,
          "name": "Color",
          "slug": "color"
        }
      },
      {
        "id": 6,
        "value": "Pink",
        "meta": "#ffa5b4",
        "attribute": {
          "id": 1,
          "name": "Color",
          "slug": "color"
        }
      },
      {
        "id": 7,
        "value": "Purple",
        "meta": "#8224e3",
        "attribute": {
          "id": 1,
          "name": "Color",
          "slug": "color"
        }
      },
      {
        "id": 8,
        "value": "Red",
        "meta": "#dd3333",
        "attribute": {
          "id": 1,
          "name": "Color",
          "slug": "color"
        }
      }
    ]
  }
]
